"Point Path","DTS","Unit","Detection","Value","Channel"
"\Hierarchy\UP2 DUMAI\HOC\COOKER 140-3000\140 PM 24A\1M NDE V-VEL","4/1/2016 11:13:59","mm/s","Peak","0.855243","1"
"\Hierarchy\UP2 DUMAI\HOC\COOKER 140-3000\140 PM 24A\1M NDE V-VEL","3/31/2016 16:48:36","mm/s","Peak","1.371426","1"
"\Hierarchy\UP2 DUMAI\HOC\COOKER 140-3000\140 PM 24A\1M NDE V-VEL","3/30/2016 09:23:21","mm/s","Peak","1.636402","1"
"\Hierarchy\UP2 DUMAI\HOC\COOKER 140-3000\140 PM 24A\1M NDE V-VEL","3/4/2016 08:33:18","mm/s","Peak","1.569109","1"
"\Hierarchy\UP2 DUMAI\HOC\COOKER 140-3000\140 PM 24A\1M NDE V-VEL","2/28/2016 21:38:43","mm/s","Peak","1.483810","1"
"\Hierarchy\UP2 DUMAI\HOC\COOKER 140-3000\140 PM 24A\1M NDE H-VEL","4/1/2016 11:14:10","mm/s","Peak","3.525498","1"
"\Hierarchy\UP2 DUMAI\HOC\COOKER 140-3000\140 PM 24A\1M NDE H-VEL","3/31/2016 09:17:04","mm/s","Peak","3.751030","1"
"\Hierarchy\UP2 DUMAI\HOC\COOKER 140-3000\140 PM 24A\1M NDE H-VEL","3/30/2016 09:23:49","mm/s","Peak","2.746971","1"
"\Hierarchy\UP2 DUMAI\HOC\COOKER 140-3000\140 PM 24A\1M NDE H-VEL","3/4/2016 08:33:31","mm/s","Peak","3.294778","1"
"\Hierarchy\UP2 DUMAI\HOC\COOKER 140-3000\140 PM 24A\1M NDE H-VEL","2/28/2016 21:38:52","mm/s","Peak","3.053682","1"
"\Hierarchy\UP2 DUMAI\HOC\COOKER 140-3000\140 PM 24A\1M NDE H-ENV3","4/1/2016 11:14:15","gE","Peak to Peak","1.496567","1"
"\Hierarchy\UP2 DUMAI\HOC\COOKER 140-3000\140 PM 24A\1M NDE H-ENV3","3/31/2016 09:17:07","gE","Peak to Peak","1.210608","1"
"\Hierarchy\UP2 DUMAI\HOC\COOKER 140-3000\140 PM 24A\1M NDE H-ENV3","3/30/2016 09:23:51","gE","Peak to Peak","0.733848","1"
"\Hierarchy\UP2 DUMAI\HOC\COOKER 140-3000\140 PM 24A\1M NDE H-ENV3","3/4/2016 08:33:41","gE","Peak to Peak","1.525193","1"
"\Hierarchy\UP2 DUMAI\HOC\COOKER 140-3000\140 PM 24A\1M NDE H-ENV3","2/28/2016 21:38:55","gE","Peak to Peak","0.781762","1"
"\Hierarchy\UP2 DUMAI\HOC\COOKER 140-3000\140 PM 24A\1M NDE H-ACC","4/1/2016 11:14:20","g","RMS","0.554552","1"
"\Hierarchy\UP2 DUMAI\HOC\COOKER 140-3000\140 PM 24A\1M NDE H-ACC","3/31/2016 09:17:09","g","RMS","0.374996","1"
"\Hierarchy\UP2 DUMAI\HOC\COOKER 140-3000\140 PM 24A\1M NDE H-ACC","3/30/2016 09:23:54","g","RMS","0.224586","1"
"\Hierarchy\UP2 DUMAI\HOC\COOKER 140-3000\140 PM 24A\1M NDE H-ACC","3/4/2016 08:33:52","g","RMS","0.505448","1"
"\Hierarchy\UP2 DUMAI\HOC\COOKER 140-3000\140 PM 24A\1M NDE H-ACC","2/28/2016 21:38:57","g","RMS","0.252602","1"
"\Hierarchy\UP2 DUMAI\HOC\COOKER 140-3000\140 PM 24A\2M DE V-VEL","4/1/2016 11:14:29","mm/s","Peak","1.405683","1"
"\Hierarchy\UP2 DUMAI\HOC\COOKER 140-3000\140 PM 24A\2M DE V-VEL","3/31/2016 09:17:16","mm/s","Peak","0.845706","1"
"\Hierarchy\UP2 DUMAI\HOC\COOKER 140-3000\140 PM 24A\2M DE V-VEL","3/30/2016 09:24:07","mm/s","Peak","1.956160","1"
"\Hierarchy\UP2 DUMAI\HOC\COOKER 140-3000\140 PM 24A\2M DE V-VEL","3/4/2016 08:34:04","mm/s","Peak","1.874142","1"
"\Hierarchy\UP2 DUMAI\HOC\COOKER 140-3000\140 PM 24A\2M DE V-VEL","2/28/2016 21:39:04","mm/s","Peak","1.816004","1"
"\Hierarchy\UP2 DUMAI\HOC\COOKER 140-3000\140 PM 24A\2M DE H-VEL","4/1/2016 11:15:08","mm/s","Peak","3.529160","1"
"\Hierarchy\UP2 DUMAI\HOC\COOKER 140-3000\140 PM 24A\2M DE H-VEL","3/31/2016 09:17:33","mm/s","Peak","3.526871","1"
"\Hierarchy\UP2 DUMAI\HOC\COOKER 140-3000\140 PM 24A\2M DE H-VEL","3/30/2016 09:24:32","mm/s","Peak","3.357494","1"
"\Hierarchy\UP2 DUMAI\HOC\COOKER 140-3000\140 PM 24A\2M DE H-VEL","3/4/2016 08:34:18","mm/s","Peak","3.041017","1"
"\Hierarchy\UP2 DUMAI\HOC\COOKER 140-3000\140 PM 24A\2M DE H-VEL","2/28/2016 21:39:17","mm/s","Peak","3.201239","1"
"\Hierarchy\UP2 DUMAI\HOC\COOKER 140-3000\140 PM 24A\2M DE H-ENV3","4/1/2016 11:15:18","gE","Peak to Peak","1.154698","1"
"\Hierarchy\UP2 DUMAI\HOC\COOKER 140-3000\140 PM 24A\2M DE H-ENV3","3/31/2016 09:17:37","gE","Peak to Peak","0.787133","1"
"\Hierarchy\UP2 DUMAI\HOC\COOKER 140-3000\140 PM 24A\2M DE H-ENV3","3/30/2016 09:24:35","gE","Peak to Peak","1.094150","1"
"\Hierarchy\UP2 DUMAI\HOC\COOKER 140-3000\140 PM 24A\2M DE H-ENV3","3/4/2016 08:34:27","gE","Peak to Peak","1.038240","1"
"\Hierarchy\UP2 DUMAI\HOC\COOKER 140-3000\140 PM 24A\2M DE H-ENV3","2/28/2016 21:39:21","gE","Peak to Peak","0.793298","1"
"\Hierarchy\UP2 DUMAI\HOC\COOKER 140-3000\140 PM 24A\2M DE H-ACC","4/1/2016 11:15:22","g","RMS","0.342936","1"
"\Hierarchy\UP2 DUMAI\HOC\COOKER 140-3000\140 PM 24A\2M DE H-ACC","3/31/2016 09:17:39","g","RMS","0.280664","1"
"\Hierarchy\UP2 DUMAI\HOC\COOKER 140-3000\140 PM 24A\2M DE H-ACC","3/30/2016 09:24:38","g","RMS","0.231559","1"
"\Hierarchy\UP2 DUMAI\HOC\COOKER 140-3000\140 PM 24A\2M DE H-ACC","3/4/2016 08:34:31","g","RMS","0.243706","1"
"\Hierarchy\UP2 DUMAI\HOC\COOKER 140-3000\140 PM 24A\2M DE H-ACC","2/28/2016 21:39:22","g","RMS","0.263421","1"
"\Hierarchy\UP2 DUMAI\HOC\COOKER 140-3000\140 PM 24A\2M DE A-VEL","4/1/2016 11:15:37","mm/s","Peak","1.126209","1"
"\Hierarchy\UP2 DUMAI\HOC\COOKER 140-3000\140 PM 24A\2M DE A-VEL","3/31/2016 09:17:48","mm/s","Peak","0.903958","1"
"\Hierarchy\UP2 DUMAI\HOC\COOKER 140-3000\140 PM 24A\2M DE A-VEL","3/30/2016 09:25:04","mm/s","Peak","1.062197","1"
"\Hierarchy\UP2 DUMAI\HOC\COOKER 140-3000\140 PM 24A\2M DE A-VEL","3/4/2016 08:34:46","mm/s","Peak","0.682737","1"
"\Hierarchy\UP2 DUMAI\HOC\COOKER 140-3000\140 PM 24A\2M DE A-VEL","2/28/2016 21:39:31","mm/s","Peak","0.866306","1"
"\Hierarchy\UP2 DUMAI\HOC\COOKER 140-3000\140 PM 24A\3P DE V-VEL","4/1/2016 11:15:44","mm/s","Peak","1.263085","1"
"\Hierarchy\UP2 DUMAI\HOC\COOKER 140-3000\140 PM 24A\3P DE V-VEL","3/31/2016 09:17:54","mm/s","Peak","1.510132","1"
"\Hierarchy\UP2 DUMAI\HOC\COOKER 140-3000\140 PM 24A\3P DE V-VEL","3/30/2016 09:25:15","mm/s","Peak","1.346477","1"
"\Hierarchy\UP2 DUMAI\HOC\COOKER 140-3000\140 PM 24A\3P DE V-VEL","3/4/2016 08:34:59","mm/s","Peak","1.835002","1"
"\Hierarchy\UP2 DUMAI\HOC\COOKER 140-3000\140 PM 24A\3P DE V-VEL","2/28/2016 21:39:40","mm/s","Peak","2.139424","1"
"\Hierarchy\UP2 DUMAI\HOC\COOKER 140-3000\140 PM 24A\3P DE H-VEL","4/1/2016 11:15:55","mm/s","Peak","3.046052","1"
"\Hierarchy\UP2 DUMAI\HOC\COOKER 140-3000\140 PM 24A\3P DE H-VEL","3/31/2016 09:18:01","mm/s","Peak","4.699393","1"
"\Hierarchy\UP2 DUMAI\HOC\COOKER 140-3000\140 PM 24A\3P DE H-VEL","3/30/2016 09:25:49","mm/s","Peak","3.359935","1"
"\Hierarchy\UP2 DUMAI\HOC\COOKER 140-3000\140 PM 24A\3P DE H-VEL","3/4/2016 08:35:11","mm/s","Peak","4.025849","1"
"\Hierarchy\UP2 DUMAI\HOC\COOKER 140-3000\140 PM 24A\3P DE H-VEL","2/28/2016 21:39:47","mm/s","Peak","3.923765","1"
"\Hierarchy\UP2 DUMAI\HOC\COOKER 140-3000\140 PM 24A\3P DE H-ENV3","4/1/2016 11:16:14","gE","Peak to Peak","5.042879","1"
"\Hierarchy\UP2 DUMAI\HOC\COOKER 140-3000\140 PM 24A\3P DE H-ENV3","3/31/2016 09:18:06","gE","Peak to Peak","6.134221","1"
"\Hierarchy\UP2 DUMAI\HOC\COOKER 140-3000\140 PM 24A\3P DE H-ENV3","3/30/2016 09:25:53","gE","Peak to Peak","5.247353","1"
"\Hierarchy\UP2 DUMAI\HOC\COOKER 140-3000\140 PM 24A\3P DE H-ENV3","3/4/2016 08:35:17","gE","Peak to Peak","4.092685","1"
"\Hierarchy\UP2 DUMAI\HOC\COOKER 140-3000\140 PM 24A\3P DE H-ENV3","2/28/2016 21:39:52","gE","Peak to Peak","4.890896","1"
"\Hierarchy\UP2 DUMAI\HOC\COOKER 140-3000\140 PM 24A\3P DE H-ACC","4/1/2016 11:16:18","g","RMS","1.276528","1"
"\Hierarchy\UP2 DUMAI\HOC\COOKER 140-3000\140 PM 24A\3P DE H-ACC","3/31/2016 09:18:08","g","RMS","1.509201","1"
"\Hierarchy\UP2 DUMAI\HOC\COOKER 140-3000\140 PM 24A\3P DE H-ACC","3/30/2016 09:25:57","g","RMS","0.950865","1"
"\Hierarchy\UP2 DUMAI\HOC\COOKER 140-3000\140 PM 24A\3P DE H-ACC","3/4/2016 08:35:21","g","RMS","0.907529","1"
"\Hierarchy\UP2 DUMAI\HOC\COOKER 140-3000\140 PM 24A\3P DE H-ACC","2/28/2016 21:39:53","g","RMS","1.071139","1"
"\Hierarchy\UP2 DUMAI\HOC\COOKER 140-3000\140 PM 24A\3P DE A-VEL","4/1/2016 11:16:26","mm/s","Peak","0.902394","1"
"\Hierarchy\UP2 DUMAI\HOC\COOKER 140-3000\140 PM 24A\3P DE A-VEL","3/31/2016 09:18:16","mm/s","Peak","1.752983","1"
"\Hierarchy\UP2 DUMAI\HOC\COOKER 140-3000\140 PM 24A\3P DE A-VEL","3/30/2016 09:26:12","mm/s","Peak","1.193732","1"
"\Hierarchy\UP2 DUMAI\HOC\COOKER 140-3000\140 PM 24A\3P DE A-VEL","3/4/2016 08:35:34","mm/s","Peak","1.897412","1"
"\Hierarchy\UP2 DUMAI\HOC\COOKER 140-3000\140 PM 24A\3P DE A-VEL","2/28/2016 21:39:59","mm/s","Peak","2.648091","1"
"\Hierarchy\UP2 DUMAI\HOC\COOKER 140-3000\140 PM 24B\1M NDE V-VEL","8/9/2016 09:17:54","mm/s","Peak","0.902585","1"
"\Hierarchy\UP2 DUMAI\HOC\COOKER 140-3000\140 PM 24B\1M NDE V-VEL","7/26/2016 09:06:46","mm/s","Peak","1.417356","1"
"\Hierarchy\UP2 DUMAI\HOC\COOKER 140-3000\140 PM 24B\1M NDE V-VEL","7/25/2016 23:12:17","mm/s","Peak","1.148602","1"
"\Hierarchy\UP2 DUMAI\HOC\COOKER 140-3000\140 PM 24B\1M NDE V-VEL","7/1/2016 09:16:09","mm/s","Peak","0.968657","1"
"\Hierarchy\UP2 DUMAI\HOC\COOKER 140-3000\140 PM 24B\1M NDE V-VEL","6/21/2016 09:27:47","mm/s","Peak","2.496872","1"
"\Hierarchy\UP2 DUMAI\HOC\COOKER 140-3000\140 PM 24B\1M NDE V-VEL","6/7/2016 09:04:18","mm/s","Peak","1.407361","1"
"\Hierarchy\UP2 DUMAI\HOC\COOKER 140-3000\140 PM 24B\1M NDE V-VEL","5/24/2016 09:04:59","mm/s","Peak","1.447874","1"
"\Hierarchy\UP2 DUMAI\HOC\COOKER 140-3000\140 PM 24B\1M NDE V-VEL","5/10/2016 09:03:58","mm/s","Peak","1.004555","1"
"\Hierarchy\UP2 DUMAI\HOC\COOKER 140-3000\140 PM 24B\1M NDE V-VEL","4/26/2016 09:08:49","mm/s","Peak","1.322977","1"
"\Hierarchy\UP2 DUMAI\HOC\COOKER 140-3000\140 PM 24B\1M NDE V-VEL","4/12/2016 08:39:56","mm/s","Peak","1.108165","1"
"\Hierarchy\UP2 DUMAI\HOC\COOKER 140-3000\140 PM 24B\1M NDE V-VEL","4/8/2016 10:20:19","mm/s","Peak","0.536897","1"
"\Hierarchy\UP2 DUMAI\HOC\COOKER 140-3000\140 PM 24B\1M NDE V-VEL","4/1/2016 15:29:40","mm/s","Peak","1.058382","1"
"\Hierarchy\UP2 DUMAI\HOC\COOKER 140-3000\140 PM 24B\1M NDE V-VEL","3/31/2016 09:16:30","mm/s","Peak","1.026490","1"
"\Hierarchy\UP2 DUMAI\HOC\COOKER 140-3000\140 PM 24B\1M NDE V-VEL","3/30/2016 09:21:06","mm/s","Peak","2.312845","1"
"\Hierarchy\UP2 DUMAI\HOC\COOKER 140-3000\140 PM 24B\1M NDE V-VEL","3/29/2016 09:01:04","mm/s","Peak","2.163305","1"
"\Hierarchy\UP2 DUMAI\HOC\COOKER 140-3000\140 PM 24B\1M NDE V-VEL","3/16/2016 09:25:41","mm/s","Peak","2.034974","1"
"\Hierarchy\UP2 DUMAI\HOC\COOKER 140-3000\140 PM 24B\1M NDE V-VEL","1/25/2016 09:22:54","mm/s","Peak","1.645634","1"
"\Hierarchy\UP2 DUMAI\HOC\COOKER 140-3000\140 PM 24B\1M NDE V-VEL","1/13/2016 09:04:59","mm/s","Peak","2.149876","1"
"\Hierarchy\UP2 DUMAI\HOC\COOKER 140-3000\140 PM 24B\1M NDE V-VEL","1/7/2016 10:26:55","mm/s","Peak","1.342891","1"
"\Hierarchy\UP2 DUMAI\HOC\COOKER 140-3000\140 PM 24B\1M NDE H-VEL","8/9/2016 09:18:02","mm/s","Peak","2.861873","1"
"\Hierarchy\UP2 DUMAI\HOC\COOKER 140-3000\140 PM 24B\1M NDE H-VEL","7/26/2016 09:06:54","mm/s","Peak","2.295602","1"
"\Hierarchy\UP2 DUMAI\HOC\COOKER 140-3000\140 PM 24B\1M NDE H-VEL","7/25/2016 23:12:25","mm/s","Peak","3.972136","1"
"\Hierarchy\UP2 DUMAI\HOC\COOKER 140-3000\140 PM 24B\1M NDE H-VEL","7/1/2016 09:16:16","mm/s","Peak","2.762841","1"
"\Hierarchy\UP2 DUMAI\HOC\COOKER 140-3000\140 PM 24B\1M NDE H-VEL","6/21/2016 09:27:54","mm/s","Peak","2.883694","1"
"\Hierarchy\UP2 DUMAI\HOC\COOKER 140-3000\140 PM 24B\1M NDE H-VEL","6/7/2016 09:04:32","mm/s","Peak","2.612689","1"
"\Hierarchy\UP2 DUMAI\HOC\COOKER 140-3000\140 PM 24B\1M NDE H-VEL","5/24/2016 09:05:07","mm/s","Peak","2.783288","1"
"\Hierarchy\UP2 DUMAI\HOC\COOKER 140-3000\140 PM 24B\1M NDE H-VEL","5/10/2016 09:04:07","mm/s","Peak","2.727287","1"
"\Hierarchy\UP2 DUMAI\HOC\COOKER 140-3000\140 PM 24B\1M NDE H-VEL","4/26/2016 09:08:57","mm/s","Peak","2.649617","1"
"\Hierarchy\UP2 DUMAI\HOC\COOKER 140-3000\140 PM 24B\1M NDE H-VEL","4/12/2016 08:40:06","mm/s","Peak","2.084643","1"
"\Hierarchy\UP2 DUMAI\HOC\COOKER 140-3000\140 PM 24B\1M NDE H-VEL","4/8/2016 10:20:28","mm/s","Peak","1.534700","1"
"\Hierarchy\UP2 DUMAI\HOC\COOKER 140-3000\140 PM 24B\1M NDE H-VEL","4/1/2016 15:30:04","mm/s","Peak","3.036134","1"
"\Hierarchy\UP2 DUMAI\HOC\COOKER 140-3000\140 PM 24B\1M NDE H-VEL","3/31/2016 16:49:10","mm/s","Peak","3.695639","1"
"\Hierarchy\UP2 DUMAI\HOC\COOKER 140-3000\140 PM 24B\1M NDE H-VEL","3/30/2016 09:21:16","mm/s","Peak","4.619740","1"
"\Hierarchy\UP2 DUMAI\HOC\COOKER 140-3000\140 PM 24B\1M NDE H-VEL","3/29/2016 09:01:14","mm/s","Peak","4.371777","1"
"\Hierarchy\UP2 DUMAI\HOC\COOKER 140-3000\140 PM 24B\1M NDE H-VEL","3/16/2016 09:26:11","mm/s","Peak","6.583605","1"
"\Hierarchy\UP2 DUMAI\HOC\COOKER 140-3000\140 PM 24B\1M NDE H-VEL","1/25/2016 09:23:01","mm/s","Peak","3.838618","1"
"\Hierarchy\UP2 DUMAI\HOC\COOKER 140-3000\140 PM 24B\1M NDE H-VEL","1/13/2016 09:05:05","mm/s","Peak","5.373165","1"
"\Hierarchy\UP2 DUMAI\HOC\COOKER 140-3000\140 PM 24B\1M NDE H-VEL","1/7/2016 10:27:06","mm/s","Peak","3.831751","1"
"\Hierarchy\UP2 DUMAI\HOC\COOKER 140-3000\140 PM 24B\1M NDE H-ENV3","8/9/2016 09:18:06","gE","Peak to Peak","1.587756","1"
"\Hierarchy\UP2 DUMAI\HOC\COOKER 140-3000\140 PM 24B\1M NDE H-ENV3","7/26/2016 09:06:57","gE","Peak to Peak","1.095187","1"
"\Hierarchy\UP2 DUMAI\HOC\COOKER 140-3000\140 PM 24B\1M NDE H-ENV3","7/25/2016 23:12:29","gE","Peak to Peak","1.131932","1"
"\Hierarchy\UP2 DUMAI\HOC\COOKER 140-3000\140 PM 24B\1M NDE H-ENV3","7/1/2016 09:16:20","gE","Peak to Peak","1.740837","1"
"\Hierarchy\UP2 DUMAI\HOC\COOKER 140-3000\140 PM 24B\1M NDE H-ENV3","6/21/2016 09:27:58","gE","Peak to Peak","2.221290","1"
"\Hierarchy\UP2 DUMAI\HOC\COOKER 140-3000\140 PM 24B\1M NDE H-ENV3","6/7/2016 09:04:37","gE","Peak to Peak","1.864681","1"
"\Hierarchy\UP2 DUMAI\HOC\COOKER 140-3000\140 PM 24B\1M NDE H-ENV3","5/24/2016 09:05:09","gE","Peak to Peak","1.605762","1"
"\Hierarchy\UP2 DUMAI\HOC\COOKER 140-3000\140 PM 24B\1M NDE H-ENV3","5/10/2016 09:04:11","gE","Peak to Peak","2.088229","1"
"\Hierarchy\UP2 DUMAI\HOC\COOKER 140-3000\140 PM 24B\1M NDE H-ENV3","4/26/2016 09:09:01","gE","Peak to Peak","1.601001","1"
"\Hierarchy\UP2 DUMAI\HOC\COOKER 140-3000\140 PM 24B\1M NDE H-ENV3","4/12/2016 08:40:09","gE","Peak to Peak","1.607166","1"
"\Hierarchy\UP2 DUMAI\HOC\COOKER 140-3000\140 PM 24B\1M NDE H-ENV3","4/8/2016 10:20:33","gE","Peak to Peak","1.467269","1"
"\Hierarchy\UP2 DUMAI\HOC\COOKER 140-3000\140 PM 24B\1M NDE H-ENV3","4/1/2016 15:30:09","gE","Peak to Peak","1.120823","1"
"\Hierarchy\UP2 DUMAI\HOC\COOKER 140-3000\140 PM 24B\1M NDE H-ENV3","3/31/2016 16:49:15","gE","Peak to Peak","1.020112","1"
"\Hierarchy\UP2 DUMAI\HOC\COOKER 140-3000\140 PM 24B\1M NDE H-ENV3","3/30/2016 09:21:19","gE","Peak to Peak","15.200660","1"
"\Hierarchy\UP2 DUMAI\HOC\COOKER 140-3000\140 PM 24B\1M NDE H-ENV3","3/29/2016 09:01:16","gE","Peak to Peak","12.793360","1"
"\Hierarchy\UP2 DUMAI\HOC\COOKER 140-3000\140 PM 24B\1M NDE H-ENV3","3/16/2016 09:26:14","gE","Peak to Peak","12.214730","1"
"\Hierarchy\UP2 DUMAI\HOC\COOKER 140-3000\140 PM 24B\1M NDE H-ENV3","1/25/2016 09:23:19","gE","Peak to Peak","1.827082","1"
"\Hierarchy\UP2 DUMAI\HOC\COOKER 140-3000\140 PM 24B\1M NDE H-ENV3","1/13/2016 09:05:09","gE","Peak to Peak","2.036958","1"
"\Hierarchy\UP2 DUMAI\HOC\COOKER 140-3000\140 PM 24B\1M NDE H-ENV3","1/7/2016 10:27:10","gE","Peak to Peak","2.198553","1"
"\Hierarchy\UP2 DUMAI\HOC\COOKER 140-3000\140 PM 24B\1M NDE H-ACC","8/9/2016 09:18:08","g","RMS","0.288095","1"
"\Hierarchy\UP2 DUMAI\HOC\COOKER 140-3000\140 PM 24B\1M NDE H-ACC","7/26/2016 09:06:59","g","RMS","0.320673","1"
"\Hierarchy\UP2 DUMAI\HOC\COOKER 140-3000\140 PM 24B\1M NDE H-ACC","7/25/2016 23:12:31","g","RMS","0.310419","1"
"\Hierarchy\UP2 DUMAI\HOC\COOKER 140-3000\140 PM 24B\1M NDE H-ACC","7/1/2016 09:16:22","g","RMS","0.468566","1"
"\Hierarchy\UP2 DUMAI\HOC\COOKER 140-3000\140 PM 24B\1M NDE H-ACC","6/21/2016 09:28:00","g","RMS","0.508713","1"
"\Hierarchy\UP2 DUMAI\HOC\COOKER 140-3000\140 PM 24B\1M NDE H-ACC","6/7/2016 09:04:39","g","RMS","0.536149","1"
"\Hierarchy\UP2 DUMAI\HOC\COOKER 140-3000\140 PM 24B\1M NDE H-ACC","5/24/2016 09:05:11","g","RMS","0.471374","1"
"\Hierarchy\UP2 DUMAI\HOC\COOKER 140-3000\140 PM 24B\1M NDE H-ACC","5/10/2016 09:04:12","g","RMS","0.941465","1"
"\Hierarchy\UP2 DUMAI\HOC\COOKER 140-3000\140 PM 24B\1M NDE H-ACC","4/26/2016 09:09:03","g","RMS","0.621448","1"
"\Hierarchy\UP2 DUMAI\HOC\COOKER 140-3000\140 PM 24B\1M NDE H-ACC","4/12/2016 08:40:11","g","RMS","0.587115","1"
"\Hierarchy\UP2 DUMAI\HOC\COOKER 140-3000\140 PM 24B\1M NDE H-ACC","4/8/2016 10:20:35","g","RMS","0.614124","1"
"\Hierarchy\UP2 DUMAI\HOC\COOKER 140-3000\140 PM 24B\1M NDE H-ACC","4/1/2016 15:30:16","g","RMS","0.687124","1"
"\Hierarchy\UP2 DUMAI\HOC\COOKER 140-3000\140 PM 24B\1M NDE H-ACC","3/31/2016 16:49:20","g","RMS","0.361980","1"
"\Hierarchy\UP2 DUMAI\HOC\COOKER 140-3000\140 PM 24B\1M NDE H-ACC","3/30/2016 09:21:21","g","RMS","2.686544","1"
"\Hierarchy\UP2 DUMAI\HOC\COOKER 140-3000\140 PM 24B\1M NDE H-ACC","3/29/2016 09:01:19","g","RMS","3.379315","1"
"\Hierarchy\UP2 DUMAI\HOC\COOKER 140-3000\140 PM 24B\1M NDE H-ACC","3/16/2016 09:26:16","g","RMS","2.448347","1"
"\Hierarchy\UP2 DUMAI\HOC\COOKER 140-3000\140 PM 24B\1M NDE H-ACC","1/25/2016 09:23:22","g","RMS","0.541337","1"
"\Hierarchy\UP2 DUMAI\HOC\COOKER 140-3000\140 PM 24B\1M NDE H-ACC","1/13/2016 09:05:11","g","RMS","0.687307","1"
"\Hierarchy\UP2 DUMAI\HOC\COOKER 140-3000\140 PM 24B\1M NDE H-ACC","1/7/2016 10:27:12","g","RMS","0.580035","1"
"\Hierarchy\UP2 DUMAI\HOC\COOKER 140-3000\140 PM 24B\2M DE V-VEL","8/9/2016 09:18:16","mm/s","Peak","0.849902","1"
"\Hierarchy\UP2 DUMAI\HOC\COOKER 140-3000\140 PM 24B\2M DE V-VEL","7/26/2016 09:07:07","mm/s","Peak","0.902966","1"
"\Hierarchy\UP2 DUMAI\HOC\COOKER 140-3000\140 PM 24B\2M DE V-VEL","7/25/2016 23:12:40","mm/s","Peak","1.304285","1"
"\Hierarchy\UP2 DUMAI\HOC\COOKER 140-3000\140 PM 24B\2M DE V-VEL","7/1/2016 09:16:34","mm/s","Peak","1.018098","1"
"\Hierarchy\UP2 DUMAI\HOC\COOKER 140-3000\140 PM 24B\2M DE V-VEL","6/21/2016 09:28:05","mm/s","Peak","1.454970","1"
"\Hierarchy\UP2 DUMAI\HOC\COOKER 140-3000\140 PM 24B\2M DE V-VEL","6/7/2016 09:04:48","mm/s","Peak","1.926557","1"
"\Hierarchy\UP2 DUMAI\HOC\COOKER 140-3000\140 PM 24B\2M DE V-VEL","5/24/2016 09:05:20","mm/s","Peak","2.128895","1"
"\Hierarchy\UP2 DUMAI\HOC\COOKER 140-3000\140 PM 24B\2M DE V-VEL","5/10/2016 09:04:22","mm/s","Peak","2.479171","1"
"\Hierarchy\UP2 DUMAI\HOC\COOKER 140-3000\140 PM 24B\2M DE V-VEL","4/26/2016 09:09:13","mm/s","Peak","1.431929","1"
"\Hierarchy\UP2 DUMAI\HOC\COOKER 140-3000\140 PM 24B\2M DE V-VEL","4/12/2016 08:40:20","mm/s","Peak","0.843226","1"
"\Hierarchy\UP2 DUMAI\HOC\COOKER 140-3000\140 PM 24B\2M DE V-VEL","4/8/2016 10:20:49","mm/s","Peak","0.541398","1"
"\Hierarchy\UP2 DUMAI\HOC\COOKER 140-3000\140 PM 24B\2M DE V-VEL","4/1/2016 15:30:28","mm/s","Peak","0.874088","1"
"\Hierarchy\UP2 DUMAI\HOC\COOKER 140-3000\140 PM 24B\2M DE V-VEL","3/31/2016 16:49:28","mm/s","Peak","0.853298","1"
"\Hierarchy\UP2 DUMAI\HOC\COOKER 140-3000\140 PM 24B\2M DE V-VEL","3/30/2016 09:21:38","mm/s","Peak","3.063448","1"
"\Hierarchy\UP2 DUMAI\HOC\COOKER 140-3000\140 PM 24B\2M DE V-VEL","3/29/2016 09:01:35","mm/s","Peak","3.417310","1"
"\Hierarchy\UP2 DUMAI\HOC\COOKER 140-3000\140 PM 24B\2M DE V-VEL","3/16/2016 09:26:24","mm/s","Peak","3.334605","1"
"\Hierarchy\UP2 DUMAI\HOC\COOKER 140-3000\140 PM 24B\2M DE V-VEL","1/25/2016 09:23:37","mm/s","Peak","1.962722","1"
"\Hierarchy\UP2 DUMAI\HOC\COOKER 140-3000\140 PM 24B\2M DE V-VEL","1/13/2016 09:05:30","mm/s","Peak","2.071673","1"
"\Hierarchy\UP2 DUMAI\HOC\COOKER 140-3000\140 PM 24B\2M DE V-VEL","1/7/2016 10:27:34","mm/s","Peak","2.384335","1"
"\Hierarchy\UP2 DUMAI\HOC\COOKER 140-3000\140 PM 24B\2M DE H-VEL","8/9/2016 09:18:28","mm/s","Peak","2.369991","1"
"\Hierarchy\UP2 DUMAI\HOC\COOKER 140-3000\140 PM 24B\2M DE H-VEL","7/26/2016 09:07:38","mm/s","Peak","1.772897","1"
"\Hierarchy\UP2 DUMAI\HOC\COOKER 140-3000\140 PM 24B\2M DE H-VEL","7/25/2016 23:12:54","mm/s","Peak","3.422498","1"
"\Hierarchy\UP2 DUMAI\HOC\COOKER 140-3000\140 PM 24B\2M DE H-VEL","7/1/2016 09:16:47","mm/s","Peak","2.951903","1"
"\Hierarchy\UP2 DUMAI\HOC\COOKER 140-3000\140 PM 24B\2M DE H-VEL","6/21/2016 09:28:18","mm/s","Peak","2.338938","1"
"\Hierarchy\UP2 DUMAI\HOC\COOKER 140-3000\140 PM 24B\2M DE H-VEL","6/7/2016 09:05:02","mm/s","Peak","2.589343","1"
"\Hierarchy\UP2 DUMAI\HOC\COOKER 140-3000\140 PM 24B\2M DE H-VEL","5/24/2016 09:05:33","mm/s","Peak","2.523118","1"
"\Hierarchy\UP2 DUMAI\HOC\COOKER 140-3000\140 PM 24B\2M DE H-VEL","5/10/2016 09:04:37","mm/s","Peak","3.207953","1"
"\Hierarchy\UP2 DUMAI\HOC\COOKER 140-3000\140 PM 24B\2M DE H-VEL","4/26/2016 09:09:27","mm/s","Peak","2.208930","1"
"\Hierarchy\UP2 DUMAI\HOC\COOKER 140-3000\140 PM 24B\2M DE H-VEL","4/12/2016 08:40:34","mm/s","Peak","2.759941","1"
"\Hierarchy\UP2 DUMAI\HOC\COOKER 140-3000\140 PM 24B\2M DE H-VEL","4/8/2016 10:21:01","mm/s","Peak","1.664327","1"
"\Hierarchy\UP2 DUMAI\HOC\COOKER 140-3000\140 PM 24B\2M DE H-VEL","4/1/2016 15:32:14","mm/s","Peak","2.985626","1"
"\Hierarchy\UP2 DUMAI\HOC\COOKER 140-3000\140 PM 24B\2M DE H-VEL","3/31/2016 16:49:46","mm/s","Peak","3.464919","1"
"\Hierarchy\UP2 DUMAI\HOC\COOKER 140-3000\140 PM 24B\2M DE H-VEL","3/30/2016 09:21:57","mm/s","Peak","4.880978","1"
"\Hierarchy\UP2 DUMAI\HOC\COOKER 140-3000\140 PM 24B\2M DE H-VEL","3/29/2016 09:01:51","mm/s","Peak","4.615314","1"
"\Hierarchy\UP2 DUMAI\HOC\COOKER 140-3000\140 PM 24B\2M DE H-VEL","3/16/2016 09:26:33","mm/s","Peak","6.096454","1"
"\Hierarchy\UP2 DUMAI\HOC\COOKER 140-3000\140 PM 24B\2M DE H-VEL","1/25/2016 09:23:43","mm/s","Peak","4.416791","1"
"\Hierarchy\UP2 DUMAI\HOC\COOKER 140-3000\140 PM 24B\2M DE H-VEL","1/13/2016 09:06:10","mm/s","Peak","5.927076","1"
"\Hierarchy\UP2 DUMAI\HOC\COOKER 140-3000\140 PM 24B\2M DE H-VEL","1/7/2016 10:27:54","mm/s","Peak","4.495377","1"
"\Hierarchy\UP2 DUMAI\HOC\COOKER 140-3000\140 PM 24B\2M DE H-ENV3","8/9/2016 09:18:32","gE","Peak to Peak","2.183905","1"
"\Hierarchy\UP2 DUMAI\HOC\COOKER 140-3000\140 PM 24B\2M DE H-ENV3","7/26/2016 09:07:41","gE","Peak to Peak","0.936888","1"
"\Hierarchy\UP2 DUMAI\HOC\COOKER 140-3000\140 PM 24B\2M DE H-ENV3","7/25/2016 23:12:58","gE","Peak to Peak","0.937132","1"
"\Hierarchy\UP2 DUMAI\HOC\COOKER 140-3000\140 PM 24B\2M DE H-ENV3","7/1/2016 09:16:51","gE","Peak to Peak","1.825800","1"
"\Hierarchy\UP2 DUMAI\HOC\COOKER 140-3000\140 PM 24B\2M DE H-ENV3","6/21/2016 09:28:23","gE","Peak to Peak","2.671896","1"
"\Hierarchy\UP2 DUMAI\HOC\COOKER 140-3000\140 PM 24B\2M DE H-ENV3","6/7/2016 09:05:06","gE","Peak to Peak","2.035280","1"
"\Hierarchy\UP2 DUMAI\HOC\COOKER 140-3000\140 PM 24B\2M DE H-ENV3","5/24/2016 09:05:35","gE","Peak to Peak","2.124851","1"
"\Hierarchy\UP2 DUMAI\HOC\COOKER 140-3000\140 PM 24B\2M DE H-ENV3","5/10/2016 09:04:41","gE","Peak to Peak","1.687674","1"
"\Hierarchy\UP2 DUMAI\HOC\COOKER 140-3000\140 PM 24B\2M DE H-ENV3","4/26/2016 09:09:34","gE","Peak to Peak","2.852870","1"
"\Hierarchy\UP2 DUMAI\HOC\COOKER 140-3000\140 PM 24B\2M DE H-ENV3","4/12/2016 08:40:41","gE","Peak to Peak","2.265999","1"
"\Hierarchy\UP2 DUMAI\HOC\COOKER 140-3000\140 PM 24B\2M DE H-ENV3","4/8/2016 10:21:07","gE","Peak to Peak","2.357402","1"
"\Hierarchy\UP2 DUMAI\HOC\COOKER 140-3000\140 PM 24B\2M DE H-ENV3","4/1/2016 15:32:21","gE","Peak to Peak","1.616199","1"
"\Hierarchy\UP2 DUMAI\HOC\COOKER 140-3000\140 PM 24B\2M DE H-ENV3","3/31/2016 16:50:07","gE","Peak to Peak","3.487503","1"
"\Hierarchy\UP2 DUMAI\HOC\COOKER 140-3000\140 PM 24B\2M DE H-ENV3","3/30/2016 09:21:59","gE","Peak to Peak","18.486890","1"
"\Hierarchy\UP2 DUMAI\HOC\COOKER 140-3000\140 PM 24B\2M DE H-ENV3","3/29/2016 09:01:54","gE","Peak to Peak","17.155060","1"
"\Hierarchy\UP2 DUMAI\HOC\COOKER 140-3000\140 PM 24B\2M DE H-ENV3","3/16/2016 09:26:36","gE","Peak to Peak","14.591510","1"
"\Hierarchy\UP2 DUMAI\HOC\COOKER 140-3000\140 PM 24B\2M DE H-ENV3","1/25/2016 09:24:02","gE","Peak to Peak","2.166204","1"
"\Hierarchy\UP2 DUMAI\HOC\COOKER 140-3000\140 PM 24B\2M DE H-ENV3","1/13/2016 09:06:14","gE","Peak to Peak","2.140263","1"
"\Hierarchy\UP2 DUMAI\HOC\COOKER 140-3000\140 PM 24B\2M DE H-ENV3","1/7/2016 10:27:58","gE","Peak to Peak","1.523240","1"
"\Hierarchy\UP2 DUMAI\HOC\COOKER 140-3000\140 PM 24B\2M DE H-ACC","8/9/2016 09:18:34","g","RMS","0.466170","1"
"\Hierarchy\UP2 DUMAI\HOC\COOKER 140-3000\140 PM 24B\2M DE H-ACC","7/26/2016 09:07:43","g","RMS","0.207785","1"
"\Hierarchy\UP2 DUMAI\HOC\COOKER 140-3000\140 PM 24B\2M DE H-ACC","7/25/2016 23:13:00","g","RMS","0.249275","1"
"\Hierarchy\UP2 DUMAI\HOC\COOKER 140-3000\140 PM 24B\2M DE H-ACC","7/1/2016 09:16:53","g","RMS","0.412656","1"
"\Hierarchy\UP2 DUMAI\HOC\COOKER 140-3000\140 PM 24B\2M DE H-ACC","6/21/2016 09:28:25","g","RMS","0.650899","1"
"\Hierarchy\UP2 DUMAI\HOC\COOKER 140-3000\140 PM 24B\2M DE H-ACC","6/7/2016 09:05:08","g","RMS","0.372509","1"
"\Hierarchy\UP2 DUMAI\HOC\COOKER 140-3000\140 PM 24B\2M DE H-ACC","5/24/2016 09:05:37","g","RMS","0.409864","1"
"\Hierarchy\UP2 DUMAI\HOC\COOKER 140-3000\140 PM 24B\2M DE H-ACC","5/10/2016 09:04:42","g","RMS","0.395489","1"
"\Hierarchy\UP2 DUMAI\HOC\COOKER 140-3000\140 PM 24B\2M DE H-ACC","4/26/2016 09:09:35","g","RMS","0.497070","1"
"\Hierarchy\UP2 DUMAI\HOC\COOKER 140-3000\140 PM 24B\2M DE H-ACC","4/12/2016 08:40:42","g","RMS","0.579943","1"
"\Hierarchy\UP2 DUMAI\HOC\COOKER 140-3000\140 PM 24B\2M DE H-ACC","4/8/2016 10:21:09","g","RMS","0.691946","1"
"\Hierarchy\UP2 DUMAI\HOC\COOKER 140-3000\140 PM 24B\2M DE H-ACC","4/1/2016 15:32:29","g","RMS","0.459258","1"
"\Hierarchy\UP2 DUMAI\HOC\COOKER 140-3000\140 PM 24B\2M DE H-ACC","3/31/2016 16:50:14","g","RMS","1.046113","1"
"\Hierarchy\UP2 DUMAI\HOC\COOKER 140-3000\140 PM 24B\2M DE H-ACC","3/30/2016 09:22:02","g","RMS","4.285104","1"
"\Hierarchy\UP2 DUMAI\HOC\COOKER 140-3000\140 PM 24B\2M DE H-ACC","3/29/2016 09:01:57","g","RMS","3.883023","1"
"\Hierarchy\UP2 DUMAI\HOC\COOKER 140-3000\140 PM 24B\2M DE H-ACC","3/16/2016 09:26:38","g","RMS","2.841731","1"
"\Hierarchy\UP2 DUMAI\HOC\COOKER 140-3000\140 PM 24B\2M DE H-ACC","1/25/2016 09:24:05","g","RMS","0.578570","1"
"\Hierarchy\UP2 DUMAI\HOC\COOKER 140-3000\140 PM 24B\2M DE H-ACC","1/13/2016 09:06:15","g","RMS","0.429273","1"
"\Hierarchy\UP2 DUMAI\HOC\COOKER 140-3000\140 PM 24B\2M DE H-ACC","1/7/2016 10:28:00","g","RMS","0.453062","1"
"\Hierarchy\UP2 DUMAI\HOC\COOKER 140-3000\140 PM 24B\2M DE A-VEL","8/9/2016 09:18:40","mm/s","Peak","1.493042","1"
"\Hierarchy\UP2 DUMAI\HOC\COOKER 140-3000\140 PM 24B\2M DE A-VEL","7/26/2016 09:07:49","mm/s","Peak","0.883740","1"
"\Hierarchy\UP2 DUMAI\HOC\COOKER 140-3000\140 PM 24B\2M DE A-VEL","7/25/2016 23:13:08","mm/s","Peak","1.433454","1"
"\Hierarchy\UP2 DUMAI\HOC\COOKER 140-3000\140 PM 24B\2M DE A-VEL","7/1/2016 09:16:59","mm/s","Peak","1.772820","1"
"\Hierarchy\UP2 DUMAI\HOC\COOKER 140-3000\140 PM 24B\2M DE A-VEL","6/21/2016 09:28:35","mm/s","Peak","1.724525","1"
"\Hierarchy\UP2 DUMAI\HOC\COOKER 140-3000\140 PM 24B\2M DE A-VEL","6/7/2016 09:05:14","mm/s","Peak","1.762444","1"
"\Hierarchy\UP2 DUMAI\HOC\COOKER 140-3000\140 PM 24B\2M DE A-VEL","5/24/2016 09:05:43","mm/s","Peak","1.777856","1"
"\Hierarchy\UP2 DUMAI\HOC\COOKER 140-3000\140 PM 24B\2M DE A-VEL","5/10/2016 09:04:49","mm/s","Peak","1.715674","1"
"\Hierarchy\UP2 DUMAI\HOC\COOKER 140-3000\140 PM 24B\2M DE A-VEL","4/26/2016 09:09:42","mm/s","Peak","1.744896","1"
"\Hierarchy\UP2 DUMAI\HOC\COOKER 140-3000\140 PM 24B\2M DE A-VEL","4/12/2016 08:40:49","mm/s","Peak","1.615268","1"
"\Hierarchy\UP2 DUMAI\HOC\COOKER 140-3000\140 PM 24B\2M DE A-VEL","4/8/2016 10:21:16","mm/s","Peak","1.174657","1"
"\Hierarchy\UP2 DUMAI\HOC\COOKER 140-3000\140 PM 24B\2M DE A-VEL","4/1/2016 15:32:42","mm/s","Peak","1.310617","1"
"\Hierarchy\UP2 DUMAI\HOC\COOKER 140-3000\140 PM 24B\2M DE A-VEL","3/31/2016 16:50:24","mm/s","Peak","1.877728","1"
"\Hierarchy\UP2 DUMAI\HOC\COOKER 140-3000\140 PM 24B\2M DE A-VEL","3/30/2016 09:22:17","mm/s","Peak","3.702353","1"
"\Hierarchy\UP2 DUMAI\HOC\COOKER 140-3000\140 PM 24B\2M DE A-VEL","3/29/2016 09:02:11","mm/s","Peak","3.472854","1"
"\Hierarchy\UP2 DUMAI\HOC\COOKER 140-3000\140 PM 24B\2M DE A-VEL","3/16/2016 09:26:46","mm/s","Peak","5.817591","1"
"\Hierarchy\UP2 DUMAI\HOC\COOKER 140-3000\140 PM 24B\2M DE A-VEL","1/25/2016 09:24:22","mm/s","Peak","3.584857","1"
"\Hierarchy\UP2 DUMAI\HOC\COOKER 140-3000\140 PM 24B\2M DE A-VEL","1/13/2016 09:06:23","mm/s","Peak","3.645283","1"
"\Hierarchy\UP2 DUMAI\HOC\COOKER 140-3000\140 PM 24B\2M DE A-VEL","1/7/2016 10:28:12","mm/s","Peak","3.176367","1"
"\Hierarchy\UP2 DUMAI\HOC\COOKER 140-3000\140 PM 24B\3P DE V-VEL","8/9/2016 09:18:48","mm/s","Peak","1.567507","1"
"\Hierarchy\UP2 DUMAI\HOC\COOKER 140-3000\140 PM 24B\3P DE V-VEL","7/26/2016 09:07:57","mm/s","Peak","2.421644","1"
"\Hierarchy\UP2 DUMAI\HOC\COOKER 140-3000\140 PM 24B\3P DE V-VEL","7/25/2016 23:13:16","mm/s","Peak","1.011383","1"
"\Hierarchy\UP2 DUMAI\HOC\COOKER 140-3000\140 PM 24B\3P DE V-VEL","7/1/2016 09:17:09","mm/s","Peak","0.924215","1"
"\Hierarchy\UP2 DUMAI\HOC\COOKER 140-3000\140 PM 24B\3P DE V-VEL","6/21/2016 09:28:44","mm/s","Peak","1.328471","1"
"\Hierarchy\UP2 DUMAI\HOC\COOKER 140-3000\140 PM 24B\3P DE V-VEL","6/7/2016 09:05:23","mm/s","Peak","1.333583","1"
"\Hierarchy\UP2 DUMAI\HOC\COOKER 140-3000\140 PM 24B\3P DE V-VEL","5/24/2016 09:05:50","mm/s","Peak","1.384930","1"
"\Hierarchy\UP2 DUMAI\HOC\COOKER 140-3000\140 PM 24B\3P DE V-VEL","5/10/2016 09:04:57","mm/s","Peak","1.704382","1"
"\Hierarchy\UP2 DUMAI\HOC\COOKER 140-3000\140 PM 24B\3P DE V-VEL","4/26/2016 09:09:51","mm/s","Peak","1.295053","1"
"\Hierarchy\UP2 DUMAI\HOC\COOKER 140-3000\140 PM 24B\3P DE V-VEL","4/12/2016 08:40:56","mm/s","Peak","0.964461","1"
"\Hierarchy\UP2 DUMAI\HOC\COOKER 140-3000\140 PM 24B\3P DE V-VEL","4/8/2016 10:21:25","mm/s","Peak","0.671369","1"
"\Hierarchy\UP2 DUMAI\HOC\COOKER 140-3000\140 PM 24B\3P DE V-VEL","4/1/2016 15:32:50","mm/s","Peak","1.034234","1"
"\Hierarchy\UP2 DUMAI\HOC\COOKER 140-3000\140 PM 24B\3P DE V-VEL","3/31/2016 16:50:43","mm/s","Peak","1.028130","1"
"\Hierarchy\UP2 DUMAI\HOC\COOKER 140-3000\140 PM 24B\3P DE V-VEL","3/30/2016 09:22:25","mm/s","Peak","1.132351","1"
"\Hierarchy\UP2 DUMAI\HOC\COOKER 140-3000\140 PM 24B\3P DE V-VEL","3/29/2016 09:02:25","mm/s","Peak","1.100726","1"
"\Hierarchy\UP2 DUMAI\HOC\COOKER 140-3000\140 PM 24B\3P DE V-VEL","3/16/2016 09:26:52","mm/s","Peak","1.460387","1"
"\Hierarchy\UP2 DUMAI\HOC\COOKER 140-3000\140 PM 24B\3P DE V-VEL","1/25/2016 09:24:29","mm/s","Peak","0.949126","1"
"\Hierarchy\UP2 DUMAI\HOC\COOKER 140-3000\140 PM 24B\3P DE V-VEL","1/13/2016 09:06:30","mm/s","Peak","1.961119","1"
"\Hierarchy\UP2 DUMAI\HOC\COOKER 140-3000\140 PM 24B\3P DE V-VEL","1/7/2016 10:28:24","mm/s","Peak","1.092410","1"
"\Hierarchy\UP2 DUMAI\HOC\COOKER 140-3000\140 PM 24B\3P DE H-VEL","8/9/2016 09:18:59","mm/s","Peak","1.510819","1"
"\Hierarchy\UP2 DUMAI\HOC\COOKER 140-3000\140 PM 24B\3P DE H-VEL","7/26/2016 09:08:06","mm/s","Peak","2.613147","1"
"\Hierarchy\UP2 DUMAI\HOC\COOKER 140-3000\140 PM 24B\3P DE H-VEL","7/25/2016 23:13:31","mm/s","Peak","2.452620","1"
"\Hierarchy\UP2 DUMAI\HOC\COOKER 140-3000\140 PM 24B\3P DE H-VEL","7/1/2016 09:17:16","mm/s","Peak","1.853236","1"
"\Hierarchy\UP2 DUMAI\HOC\COOKER 140-3000\140 PM 24B\3P DE H-VEL","6/21/2016 09:28:52","mm/s","Peak","1.217841","1"
"\Hierarchy\UP2 DUMAI\HOC\COOKER 140-3000\140 PM 24B\3P DE H-VEL","6/7/2016 09:05:36","mm/s","Peak","1.253853","1"
"\Hierarchy\UP2 DUMAI\HOC\COOKER 140-3000\140 PM 24B\3P DE H-VEL","5/24/2016 09:05:57","mm/s","Peak","1.299707","1"
"\Hierarchy\UP2 DUMAI\HOC\COOKER 140-3000\140 PM 24B\3P DE H-VEL","5/10/2016 09:05:04","mm/s","Peak","1.147343","1"
"\Hierarchy\UP2 DUMAI\HOC\COOKER 140-3000\140 PM 24B\3P DE H-VEL","4/26/2016 09:10:02","mm/s","Peak","1.032556","1"
"\Hierarchy\UP2 DUMAI\HOC\COOKER 140-3000\140 PM 24B\3P DE H-VEL","4/12/2016 08:41:04","mm/s","Peak","0.965758","1"
"\Hierarchy\UP2 DUMAI\HOC\COOKER 140-3000\140 PM 24B\3P DE H-VEL","4/8/2016 10:21:35","mm/s","Peak","0.945196","1"
"\Hierarchy\UP2 DUMAI\HOC\COOKER 140-3000\140 PM 24B\3P DE H-VEL","4/1/2016 15:33:04","mm/s","Peak","1.100116","1"
"\Hierarchy\UP2 DUMAI\HOC\COOKER 140-3000\140 PM 24B\3P DE H-VEL","3/31/2016 16:51:06","mm/s","Peak","1.248703","1"
"\Hierarchy\UP2 DUMAI\HOC\COOKER 140-3000\140 PM 24B\3P DE H-VEL","3/30/2016 09:22:35","mm/s","Peak","1.466643","1"
"\Hierarchy\UP2 DUMAI\HOC\COOKER 140-3000\140 PM 24B\3P DE H-VEL","3/29/2016 09:02:35","mm/s","Peak","1.371426","1"
"\Hierarchy\UP2 DUMAI\HOC\COOKER 140-3000\140 PM 24B\3P DE H-VEL","3/16/2016 09:26:59","mm/s","Peak","1.643880","1"
"\Hierarchy\UP2 DUMAI\HOC\COOKER 140-3000\140 PM 24B\3P DE H-VEL","1/25/2016 09:24:36","mm/s","Peak","1.690649","1"
"\Hierarchy\UP2 DUMAI\HOC\COOKER 140-3000\140 PM 24B\3P DE H-VEL","1/13/2016 09:06:37","mm/s","Peak","2.721488","1"
"\Hierarchy\UP2 DUMAI\HOC\COOKER 140-3000\140 PM 24B\3P DE H-VEL","1/7/2016 10:28:38","mm/s","Peak","2.100360","1"
"\Hierarchy\UP2 DUMAI\HOC\COOKER 140-3000\140 PM 24B\3P DE H-ENV3","8/9/2016 09:19:02","gE","Peak to Peak","8.088626","1"
"\Hierarchy\UP2 DUMAI\HOC\COOKER 140-3000\140 PM 24B\3P DE H-ENV3","7/26/2016 09:08:11","gE","Peak to Peak","6.799219","1"
"\Hierarchy\UP2 DUMAI\HOC\COOKER 140-3000\140 PM 24B\3P DE H-ENV3","7/25/2016 23:13:35","gE","Peak to Peak","4.634694","1"
"\Hierarchy\UP2 DUMAI\HOC\COOKER 140-3000\140 PM 24B\3P DE H-ENV3","7/1/2016 09:17:20","gE","Peak to Peak","5.257729","1"
"\Hierarchy\UP2 DUMAI\HOC\COOKER 140-3000\140 PM 24B\3P DE H-ENV3","6/21/2016 09:28:56","gE","Peak to Peak","4.300821","1"
"\Hierarchy\UP2 DUMAI\HOC\COOKER 140-3000\140 PM 24B\3P DE H-ENV3","6/7/2016 09:05:40","gE","Peak to Peak","4.950102","1"
"\Hierarchy\UP2 DUMAI\HOC\COOKER 140-3000\140 PM 24B\3P DE H-ENV3","5/24/2016 09:05:59","gE","Peak to Peak","6.169927","1"
"\Hierarchy\UP2 DUMAI\HOC\COOKER 140-3000\140 PM 24B\3P DE H-ENV3","5/10/2016 09:05:08","gE","Peak to Peak","6.592303","1"
"\Hierarchy\UP2 DUMAI\HOC\COOKER 140-3000\140 PM 24B\3P DE H-ENV3","4/26/2016 09:10:07","gE","Peak to Peak","3.934752","1"
"\Hierarchy\UP2 DUMAI\HOC\COOKER 140-3000\140 PM 24B\3P DE H-ENV3","4/12/2016 08:41:08","gE","Peak to Peak","7.904294","1"
"\Hierarchy\UP2 DUMAI\HOC\COOKER 140-3000\140 PM 24B\3P DE H-ENV3","4/8/2016 10:21:39","gE","Peak to Peak","3.472548","1"
"\Hierarchy\UP2 DUMAI\HOC\COOKER 140-3000\140 PM 24B\3P DE H-ENV3","4/1/2016 15:33:22","gE","Peak to Peak","4.529862","1"
"\Hierarchy\UP2 DUMAI\HOC\COOKER 140-3000\140 PM 24B\3P DE H-ENV3","3/31/2016 16:51:30","gE","Peak to Peak","3.919645","1"
"\Hierarchy\UP2 DUMAI\HOC\COOKER 140-3000\140 PM 24B\3P DE H-ENV3","3/30/2016 09:22:38","gE","Peak to Peak","4.242683","1"
"\Hierarchy\UP2 DUMAI\HOC\COOKER 140-3000\140 PM 24B\3P DE H-ENV3","3/29/2016 09:02:38","gE","Peak to Peak","6.107059","1"
"\Hierarchy\UP2 DUMAI\HOC\COOKER 140-3000\140 PM 24B\3P DE H-ENV3","3/16/2016 09:27:03","gE","Peak to Peak","8.152104","1"
"\Hierarchy\UP2 DUMAI\HOC\COOKER 140-3000\140 PM 24B\3P DE H-ENV3","1/25/2016 09:24:39","gE","Peak to Peak","3.723258","1"
"\Hierarchy\UP2 DUMAI\HOC\COOKER 140-3000\140 PM 24B\3P DE H-ENV3","1/13/2016 09:06:41","gE","Peak to Peak","4.316080","1"
"\Hierarchy\UP2 DUMAI\HOC\COOKER 140-3000\140 PM 24B\3P DE H-ENV3","1/7/2016 10:28:42","gE","Peak to Peak","3.797723","1"
"\Hierarchy\UP2 DUMAI\HOC\COOKER 140-3000\140 PM 24B\3P DE H-ACC","8/9/2016 09:19:04","g","RMS","1.765740","1"
"\Hierarchy\UP2 DUMAI\HOC\COOKER 140-3000\140 PM 24B\3P DE H-ACC","7/26/2016 09:08:12","g","RMS","1.314676","1"
"\Hierarchy\UP2 DUMAI\HOC\COOKER 140-3000\140 PM 24B\3P DE H-ACC","7/25/2016 23:13:37","g","RMS","1.167028","1"
"\Hierarchy\UP2 DUMAI\HOC\COOKER 140-3000\140 PM 24B\3P DE H-ACC","7/1/2016 09:17:22","g","RMS","1.352336","1"
"\Hierarchy\UP2 DUMAI\HOC\COOKER 140-3000\140 PM 24B\3P DE H-ACC","6/21/2016 09:28:58","g","RMS","1.013214","1"
"\Hierarchy\UP2 DUMAI\HOC\COOKER 140-3000\140 PM 24B\3P DE H-ACC","6/7/2016 09:05:42","g","RMS","1.045198","1"
"\Hierarchy\UP2 DUMAI\HOC\COOKER 140-3000\140 PM 24B\3P DE H-ACC","5/24/2016 09:06:01","g","RMS","1.848079","1"
"\Hierarchy\UP2 DUMAI\HOC\COOKER 140-3000\140 PM 24B\3P DE H-ACC","5/10/2016 09:05:09","g","RMS","1.409650","1"
"\Hierarchy\UP2 DUMAI\HOC\COOKER 140-3000\140 PM 24B\3P DE H-ACC","4/26/2016 09:10:09","g","RMS","0.896909","1"
"\Hierarchy\UP2 DUMAI\HOC\COOKER 140-3000\140 PM 24B\3P DE H-ACC","4/12/2016 08:41:10","g","RMS","1.436262","1"
"\Hierarchy\UP2 DUMAI\HOC\COOKER 140-3000\140 PM 24B\3P DE H-ACC","4/8/2016 10:21:41","g","RMS","0.917417","1"
"\Hierarchy\UP2 DUMAI\HOC\COOKER 140-3000\140 PM 24B\3P DE H-ACC","4/1/2016 15:33:27","g","RMS","1.021760","1"
"\Hierarchy\UP2 DUMAI\HOC\COOKER 140-3000\140 PM 24B\3P DE H-ACC","3/31/2016 16:51:36","g","RMS","0.926084","1"
"\Hierarchy\UP2 DUMAI\HOC\COOKER 140-3000\140 PM 24B\3P DE H-ACC","3/30/2016 09:22:41","g","RMS","1.011444","1"
"\Hierarchy\UP2 DUMAI\HOC\COOKER 140-3000\140 PM 24B\3P DE H-ACC","3/29/2016 09:02:41","g","RMS","1.495651","1"
"\Hierarchy\UP2 DUMAI\HOC\COOKER 140-3000\140 PM 24B\3P DE H-ACC","3/16/2016 09:27:05","g","RMS","1.926328","1"
"\Hierarchy\UP2 DUMAI\HOC\COOKER 140-3000\140 PM 24B\3P DE H-ACC","1/25/2016 09:24:43","g","RMS","0.696371","1"
"\Hierarchy\UP2 DUMAI\HOC\COOKER 140-3000\140 PM 24B\3P DE H-ACC","1/13/2016 09:06:43","g","RMS","1.076815","1"
"\Hierarchy\UP2 DUMAI\HOC\COOKER 140-3000\140 PM 24B\3P DE H-ACC","1/7/2016 10:28:44","g","RMS","0.921354","1"
"\Hierarchy\UP2 DUMAI\HOC\COOKER 140-3000\140 PM 24B\3P DE A-VEL","8/9/2016 09:19:10","mm/s","Peak","0.974342","1"
"\Hierarchy\UP2 DUMAI\HOC\COOKER 140-3000\140 PM 24B\3P DE A-VEL","7/26/2016 09:08:20","mm/s","Peak","1.542558","1"
"\Hierarchy\UP2 DUMAI\HOC\COOKER 140-3000\140 PM 24B\3P DE A-VEL","7/25/2016 23:13:44","mm/s","Peak","0.759491","1"
"\Hierarchy\UP2 DUMAI\HOC\COOKER 140-3000\140 PM 24B\3P DE A-VEL","7/1/2016 09:17:30","mm/s","Peak","0.737251","1"
"\Hierarchy\UP2 DUMAI\HOC\COOKER 140-3000\140 PM 24B\3P DE A-VEL","6/21/2016 09:29:05","mm/s","Peak","0.713332","1"
"\Hierarchy\UP2 DUMAI\HOC\COOKER 140-3000\140 PM 24B\3P DE A-VEL","6/7/2016 09:05:52","mm/s","Peak","0.816103","1"
"\Hierarchy\UP2 DUMAI\HOC\COOKER 140-3000\140 PM 24B\3P DE A-VEL","5/24/2016 09:06:07","mm/s","Peak","0.882138","1"
"\Hierarchy\UP2 DUMAI\HOC\COOKER 140-3000\140 PM 24B\3P DE A-VEL","5/10/2016 09:05:18","mm/s","Peak","0.815340","1"
"\Hierarchy\UP2 DUMAI\HOC\COOKER 140-3000\140 PM 24B\3P DE A-VEL","4/26/2016 09:10:18","mm/s","Peak","0.887135","1"
"\Hierarchy\UP2 DUMAI\HOC\COOKER 140-3000\140 PM 24B\3P DE A-VEL","4/12/2016 08:41:20","mm/s","Peak","0.683538","1"
"\Hierarchy\UP2 DUMAI\HOC\COOKER 140-3000\140 PM 24B\3P DE A-VEL","4/8/2016 10:21:48","mm/s","Peak","0.610523","1"
"\Hierarchy\UP2 DUMAI\HOC\COOKER 140-3000\140 PM 24B\3P DE A-VEL","4/1/2016 15:33:40","mm/s","Peak","1.114307","1"
"\Hierarchy\UP2 DUMAI\HOC\COOKER 140-3000\140 PM 24B\3P DE A-VEL","3/31/2016 16:51:45","mm/s","Peak","0.934477","1"
"\Hierarchy\UP2 DUMAI\HOC\COOKER 140-3000\140 PM 24B\3P DE A-VEL","3/30/2016 09:22:50","mm/s","Peak","1.046327","1"
"\Hierarchy\UP2 DUMAI\HOC\COOKER 140-3000\140 PM 24B\3P DE A-VEL","3/29/2016 09:02:56","mm/s","Peak","0.743011","1"
"\Hierarchy\UP2 DUMAI\HOC\COOKER 140-3000\140 PM 24B\3P DE A-VEL","3/16/2016 09:27:12","mm/s","Peak","1.075282","1"
"\Hierarchy\UP2 DUMAI\HOC\COOKER 140-3000\140 PM 24B\3P DE A-VEL","1/25/2016 09:24:50","mm/s","Peak","0.809923","1"
"\Hierarchy\UP2 DUMAI\HOC\COOKER 140-3000\140 PM 24B\3P DE A-VEL","1/13/2016 09:06:53","mm/s","Peak","1.097789","1"
"\Hierarchy\UP2 DUMAI\HOC\COOKER 140-3000\140 PM 24B\3P DE A-VEL","1/7/2016 10:28:58","mm/s","Peak","0.821863","1"
"\Hierarchy\UP2 DUMAI\HOC\COOKER 140-3000\140 PM 25A\1M NDE V-VEL","8/9/2016 09:15:58","mm/s","Peak","1.026032","1"
"\Hierarchy\UP2 DUMAI\HOC\COOKER 140-3000\140 PM 25A\1M NDE V-VEL","5/10/2016 09:01:32","mm/s","Peak","0.900258","1"
"\Hierarchy\UP2 DUMAI\HOC\COOKER 140-3000\140 PM 25A\1M NDE V-VEL","4/26/2016 09:06:49","mm/s","Peak","1.006310","1"
"\Hierarchy\UP2 DUMAI\HOC\COOKER 140-3000\140 PM 25A\1M NDE V-VEL","4/14/2016 14:29:07","mm/s","Peak","1.445357","1"
"\Hierarchy\UP2 DUMAI\HOC\COOKER 140-3000\140 PM 25A\1M NDE V-VEL","3/23/2016 11:20:47","mm/s","Peak","1.979583","1"
"\Hierarchy\UP2 DUMAI\HOC\COOKER 140-3000\140 PM 25A\1M NDE V-VEL","3/16/2016 09:21:34","mm/s","Peak","2.699820","1"
"\Hierarchy\UP2 DUMAI\HOC\COOKER 140-3000\140 PM 25A\1M NDE V-VEL","1/13/2016 09:07:13","mm/s","Peak","0.779901","1"
"\Hierarchy\UP2 DUMAI\HOC\COOKER 140-3000\140 PM 25A\1M NDE H-VEL","8/9/2016 09:16:11","mm/s","Peak","1.379284","1"
"\Hierarchy\UP2 DUMAI\HOC\COOKER 140-3000\140 PM 25A\1M NDE H-VEL","5/10/2016 09:01:39","mm/s","Peak","1.658986","1"
"\Hierarchy\UP2 DUMAI\HOC\COOKER 140-3000\140 PM 25A\1M NDE H-VEL","4/26/2016 09:06:56","mm/s","Peak","1.130558","1"
"\Hierarchy\UP2 DUMAI\HOC\COOKER 140-3000\140 PM 25A\1M NDE H-VEL","4/14/2016 14:29:18","mm/s","Peak","1.195906","1"
"\Hierarchy\UP2 DUMAI\HOC\COOKER 140-3000\140 PM 25A\1M NDE H-VEL","3/23/2016 11:20:58","mm/s","Peak","2.333293","1"
"\Hierarchy\UP2 DUMAI\HOC\COOKER 140-3000\140 PM 25A\1M NDE H-VEL","3/16/2016 09:21:46","mm/s","Peak","1.752754","1"
"\Hierarchy\UP2 DUMAI\HOC\COOKER 140-3000\140 PM 25A\1M NDE H-VEL","1/13/2016 09:07:22","mm/s","Peak","1.241112","1"
"\Hierarchy\UP2 DUMAI\HOC\COOKER 140-3000\140 PM 25A\1M NDE H-ENV3","8/9/2016 09:16:16","gE","Peak to Peak","1.301553","1"
"\Hierarchy\UP2 DUMAI\HOC\COOKER 140-3000\140 PM 25A\1M NDE H-ENV3","5/10/2016 09:01:42","gE","Peak to Peak","1.878964","1"
"\Hierarchy\UP2 DUMAI\HOC\COOKER 140-3000\140 PM 25A\1M NDE H-ENV3","4/26/2016 09:07:00","gE","Peak to Peak","1.476241","1"
"\Hierarchy\UP2 DUMAI\HOC\COOKER 140-3000\140 PM 25A\1M NDE H-ENV3","4/14/2016 14:29:25","gE","Peak to Peak","2.957549","1"
"\Hierarchy\UP2 DUMAI\HOC\COOKER 140-3000\140 PM 25A\1M NDE H-ENV3","3/23/2016 11:21:05","gE","Peak to Peak","3.569750","1"
"\Hierarchy\UP2 DUMAI\HOC\COOKER 140-3000\140 PM 25A\1M NDE H-ENV3","3/16/2016 09:21:50","gE","Peak to Peak","2.414167","1"
"\Hierarchy\UP2 DUMAI\HOC\COOKER 140-3000\140 PM 25A\1M NDE H-ENV3","1/13/2016 09:07:26","gE","Peak to Peak","0.671255","1"
"\Hierarchy\UP2 DUMAI\HOC\COOKER 140-3000\140 PM 25A\1M NDE H-ACC","8/9/2016 09:16:25","g","RMS","0.294168","1"
"\Hierarchy\UP2 DUMAI\HOC\COOKER 140-3000\140 PM 25A\1M NDE H-ACC","5/10/2016 09:01:44","g","RMS","0.346370","1"
"\Hierarchy\UP2 DUMAI\HOC\COOKER 140-3000\140 PM 25A\1M NDE H-ACC","4/26/2016 09:07:02","g","RMS","0.346904","1"
"\Hierarchy\UP2 DUMAI\HOC\COOKER 140-3000\140 PM 25A\1M NDE H-ACC","4/14/2016 14:29:28","g","RMS","0.421796","1"
"\Hierarchy\UP2 DUMAI\HOC\COOKER 140-3000\140 PM 25A\1M NDE H-ACC","3/23/2016 11:21:11","g","RMS","0.568835","1"
"\Hierarchy\UP2 DUMAI\HOC\COOKER 140-3000\140 PM 25A\1M NDE H-ACC","3/16/2016 09:21:52","g","RMS","0.439985","1"
"\Hierarchy\UP2 DUMAI\HOC\COOKER 140-3000\140 PM 25A\1M NDE H-ACC","1/13/2016 09:07:28","g","RMS","0.144591","1"
"\Hierarchy\UP2 DUMAI\HOC\COOKER 140-3000\140 PM 25A\2M DE V-VEL","8/9/2016 09:16:36","mm/s","Peak","0.691435","1"
"\Hierarchy\UP2 DUMAI\HOC\COOKER 140-3000\140 PM 25A\2M DE V-VEL","5/10/2016 09:01:50","mm/s","Peak","2.373196","1"
"\Hierarchy\UP2 DUMAI\HOC\COOKER 140-3000\140 PM 25A\2M DE V-VEL","4/26/2016 09:07:18","mm/s","Peak","1.419645","1"
"\Hierarchy\UP2 DUMAI\HOC\COOKER 140-3000\140 PM 25A\2M DE V-VEL","4/14/2016 14:29:39","mm/s","Peak","1.591082","1"
"\Hierarchy\UP2 DUMAI\HOC\COOKER 140-3000\140 PM 25A\2M DE V-VEL","3/23/2016 11:21:24","mm/s","Peak","2.953276","1"
"\Hierarchy\UP2 DUMAI\HOC\COOKER 140-3000\140 PM 25A\2M DE V-VEL","3/16/2016 09:22:02","mm/s","Peak","2.957549","1"
"\Hierarchy\UP2 DUMAI\HOC\COOKER 140-3000\140 PM 25A\2M DE V-VEL","1/13/2016 09:07:34","mm/s","Peak","0.412763","1"
"\Hierarchy\UP2 DUMAI\HOC\COOKER 140-3000\140 PM 25A\2M DE H-VEL","8/9/2016 09:16:43","mm/s","Peak","1.276284","1"
"\Hierarchy\UP2 DUMAI\HOC\COOKER 140-3000\140 PM 25A\2M DE H-VEL","5/10/2016 09:01:59","mm/s","Peak","1.327174","1"
"\Hierarchy\UP2 DUMAI\HOC\COOKER 140-3000\140 PM 25A\2M DE H-VEL","4/26/2016 09:07:27","mm/s","Peak","1.023209","1"
"\Hierarchy\UP2 DUMAI\HOC\COOKER 140-3000\140 PM 25A\2M DE H-VEL","4/14/2016 14:29:48","mm/s","Peak","1.579943","1"
"\Hierarchy\UP2 DUMAI\HOC\COOKER 140-3000\140 PM 25A\2M DE H-VEL","3/23/2016 11:21:35","mm/s","Peak","2.658467","1"
"\Hierarchy\UP2 DUMAI\HOC\COOKER 140-3000\140 PM 25A\2M DE H-VEL","3/16/2016 09:22:09","mm/s","Peak","2.691275","1"
"\Hierarchy\UP2 DUMAI\HOC\COOKER 140-3000\140 PM 25A\2M DE H-VEL","1/13/2016 09:07:41","mm/s","Peak","0.817286","1"
"\Hierarchy\UP2 DUMAI\HOC\COOKER 140-3000\140 PM 25A\2M DE H-ENV3","8/9/2016 09:16:47","gE","Peak to Peak","1.010773","1"
"\Hierarchy\UP2 DUMAI\HOC\COOKER 140-3000\140 PM 25A\2M DE H-ENV3","5/10/2016 09:02:02","gE","Peak to Peak","1.324442","1"
"\Hierarchy\UP2 DUMAI\HOC\COOKER 140-3000\140 PM 25A\2M DE H-ENV3","4/26/2016 09:07:30","gE","Peak to Peak","1.096347","1"
"\Hierarchy\UP2 DUMAI\HOC\COOKER 140-3000\140 PM 25A\2M DE H-ENV3","4/14/2016 14:29:53","gE","Peak to Peak","2.791986","1"
"\Hierarchy\UP2 DUMAI\HOC\COOKER 140-3000\140 PM 25A\2M DE H-ENV3","3/23/2016 11:21:39","gE","Peak to Peak","3.376568","1"
"\Hierarchy\UP2 DUMAI\HOC\COOKER 140-3000\140 PM 25A\2M DE H-ENV3","3/16/2016 09:22:12","gE","Peak to Peak","2.153539","1"
"\Hierarchy\UP2 DUMAI\HOC\COOKER 140-3000\140 PM 25A\2M DE H-ENV3","1/13/2016 09:07:45","gE","Peak to Peak","0.580310","1"
"\Hierarchy\UP2 DUMAI\HOC\COOKER 140-3000\140 PM 25A\2M DE H-ACC","8/9/2016 09:16:49","g","RMS","0.271828","1"
"\Hierarchy\UP2 DUMAI\HOC\COOKER 140-3000\140 PM 25A\2M DE H-ACC","5/10/2016 09:02:04","g","RMS","0.219245","1"
"\Hierarchy\UP2 DUMAI\HOC\COOKER 140-3000\140 PM 25A\2M DE H-ACC","4/26/2016 09:07:32","g","RMS","0.200263","1"
"\Hierarchy\UP2 DUMAI\HOC\COOKER 140-3000\140 PM 25A\2M DE H-ACC","4/14/2016 14:29:58","g","RMS","0.307276","1"
"\Hierarchy\UP2 DUMAI\HOC\COOKER 140-3000\140 PM 25A\2M DE H-ACC","3/23/2016 11:21:43","g","RMS","0.536393","1"
"\Hierarchy\UP2 DUMAI\HOC\COOKER 140-3000\140 PM 25A\2M DE H-ACC","3/16/2016 09:22:14","g","RMS","0.411557","1"
"\Hierarchy\UP2 DUMAI\HOC\COOKER 140-3000\140 PM 25A\2M DE H-ACC","1/13/2016 09:07:46","g","RMS","0.131669","1"
"\Hierarchy\UP2 DUMAI\HOC\COOKER 140-3000\140 PM 25A\2M DE A-VEL","8/9/2016 09:16:55","mm/s","Peak","1.098628","1"
"\Hierarchy\UP2 DUMAI\HOC\COOKER 140-3000\140 PM 25A\2M DE A-VEL","5/10/2016 09:02:11","mm/s","Peak","2.108371","1"
"\Hierarchy\UP2 DUMAI\HOC\COOKER 140-3000\140 PM 25A\2M DE A-VEL","4/26/2016 09:07:46","mm/s","Peak","1.969665","1"
"\Hierarchy\UP2 DUMAI\HOC\COOKER 140-3000\140 PM 25A\2M DE A-VEL","4/14/2016 14:30:09","mm/s","Peak","2.136601","1"
"\Hierarchy\UP2 DUMAI\HOC\COOKER 140-3000\140 PM 25A\2M DE A-VEL","3/23/2016 11:21:51","mm/s","Peak","2.263176","1"
"\Hierarchy\UP2 DUMAI\HOC\COOKER 140-3000\140 PM 25A\2M DE A-VEL","3/16/2016 09:22:20","mm/s","Peak","2.435072","1"
"\Hierarchy\UP2 DUMAI\HOC\COOKER 140-3000\140 PM 25A\2M DE A-VEL","1/13/2016 09:07:53","mm/s","Peak","0.512902","1"
"\Hierarchy\UP2 DUMAI\HOC\COOKER 140-3000\140 PM 25A\3P DE V-VEL","8/9/2016 09:17:08","mm/s","Peak","1.141354","1"
"\Hierarchy\UP2 DUMAI\HOC\COOKER 140-3000\140 PM 25A\3P DE V-VEL","5/10/2016 09:02:19","mm/s","Peak","1.371197","1"
"\Hierarchy\UP2 DUMAI\HOC\COOKER 140-3000\140 PM 25A\3P DE V-VEL","4/26/2016 09:07:54","mm/s","Peak","1.088977","1"
"\Hierarchy\UP2 DUMAI\HOC\COOKER 140-3000\140 PM 25A\3P DE V-VEL","4/14/2016 14:30:15","mm/s","Peak","1.811426","1"
"\Hierarchy\UP2 DUMAI\HOC\COOKER 140-3000\140 PM 25A\3P DE V-VEL","3/23/2016 11:22:34","mm/s","Peak","21.324810","1"
"\Hierarchy\UP2 DUMAI\HOC\COOKER 140-3000\140 PM 25A\3P DE V-VEL","3/16/2016 09:23:26","mm/s","Peak","7.588428","1"
"\Hierarchy\UP2 DUMAI\HOC\COOKER 140-3000\140 PM 25A\3P DE V-VEL","1/13/2016 09:08:01","mm/s","Peak","2.353664","1"
"\Hierarchy\UP2 DUMAI\HOC\COOKER 140-3000\140 PM 25A\3P DE H-VEL","8/9/2016 09:17:15","mm/s","Peak","1.672872","1"
"\Hierarchy\UP2 DUMAI\HOC\COOKER 140-3000\140 PM 25A\3P DE H-VEL","5/10/2016 09:02:27","mm/s","Peak","0.848491","1"
"\Hierarchy\UP2 DUMAI\HOC\COOKER 140-3000\140 PM 25A\3P DE H-VEL","4/26/2016 09:08:02","mm/s","Peak","0.955916","1"
"\Hierarchy\UP2 DUMAI\HOC\COOKER 140-3000\140 PM 25A\3P DE H-VEL","4/14/2016 14:30:21","mm/s","Peak","1.425291","1"
"\Hierarchy\UP2 DUMAI\HOC\COOKER 140-3000\140 PM 25A\3P DE H-VEL","3/23/2016 11:22:43","mm/s","Peak","14.059880","1"
"\Hierarchy\UP2 DUMAI\HOC\COOKER 140-3000\140 PM 25A\3P DE H-VEL","3/16/2016 09:25:05","mm/s","Peak","6.545457","1"
"\Hierarchy\UP2 DUMAI\HOC\COOKER 140-3000\140 PM 25A\3P DE H-VEL","1/13/2016 09:08:10","mm/s","Peak","2.175741","1"
"\Hierarchy\UP2 DUMAI\HOC\COOKER 140-3000\140 PM 25A\3P DE H-ENV3","8/9/2016 09:17:19","gE","Peak to Peak","2.618183","1"
"\Hierarchy\UP2 DUMAI\HOC\COOKER 140-3000\140 PM 25A\3P DE H-ENV3","5/10/2016 09:02:30","gE","Peak to Peak","1.862239","1"
"\Hierarchy\UP2 DUMAI\HOC\COOKER 140-3000\140 PM 25A\3P DE H-ENV3","4/26/2016 09:08:06","gE","Peak to Peak","2.020936","1"
"\Hierarchy\UP2 DUMAI\HOC\COOKER 140-3000\140 PM 25A\3P DE H-ENV3","4/14/2016 14:30:25","gE","Peak to Peak","1.821589","1"
"\Hierarchy\UP2 DUMAI\HOC\COOKER 140-3000\140 PM 25A\3P DE H-ENV3","3/23/2016 11:22:51","gE","Peak to Peak","33.291110","1"
"\Hierarchy\UP2 DUMAI\HOC\COOKER 140-3000\140 PM 25A\3P DE H-ENV3","3/16/2016 09:25:10","gE","Peak to Peak","22.145760","1"
"\Hierarchy\UP2 DUMAI\HOC\COOKER 140-3000\140 PM 25A\3P DE H-ENV3","1/13/2016 09:08:13","gE","Peak to Peak","1.993713","1"
"\Hierarchy\UP2 DUMAI\HOC\COOKER 140-3000\140 PM 25A\3P DE H-ACC","8/9/2016 09:17:21","g","RMS","0.641102","1"
"\Hierarchy\UP2 DUMAI\HOC\COOKER 140-3000\140 PM 25A\3P DE H-ACC","5/10/2016 09:02:32","g","RMS","0.447722","1"
"\Hierarchy\UP2 DUMAI\HOC\COOKER 140-3000\140 PM 25A\3P DE H-ACC","4/26/2016 09:08:08","g","RMS","0.463179","1"
"\Hierarchy\UP2 DUMAI\HOC\COOKER 140-3000\140 PM 25A\3P DE H-ACC","4/14/2016 14:30:28","g","RMS","0.440306","1"
"\Hierarchy\UP2 DUMAI\HOC\COOKER 140-3000\140 PM 25A\3P DE H-ACC","3/23/2016 11:22:56","g","RMS","6.908780","1"
"\Hierarchy\UP2 DUMAI\HOC\COOKER 140-3000\140 PM 25A\3P DE H-ACC","3/16/2016 09:25:12","g","RMS","4.354686","1"
"\Hierarchy\UP2 DUMAI\HOC\COOKER 140-3000\140 PM 25A\3P DE H-ACC","1/13/2016 09:08:15","g","RMS","0.345469","1"
"\Hierarchy\UP2 DUMAI\HOC\COOKER 140-3000\140 PM 25A\3P DE A-VEL","8/9/2016 09:17:29","mm/s","Peak","0.832049","1"
"\Hierarchy\UP2 DUMAI\HOC\COOKER 140-3000\140 PM 25A\3P DE A-VEL","5/10/2016 09:02:41","mm/s","Peak","0.820071","1"
"\Hierarchy\UP2 DUMAI\HOC\COOKER 140-3000\140 PM 25A\3P DE A-VEL","4/26/2016 09:08:16","mm/s","Peak","0.613918","1"
"\Hierarchy\UP2 DUMAI\HOC\COOKER 140-3000\140 PM 25A\3P DE A-VEL","4/14/2016 14:30:35","mm/s","Peak","0.959044","1"
"\Hierarchy\UP2 DUMAI\HOC\COOKER 140-3000\140 PM 25A\3P DE A-VEL","3/23/2016 11:23:36","mm/s","Peak","16.798150","1"
"\Hierarchy\UP2 DUMAI\HOC\COOKER 140-3000\140 PM 25A\3P DE A-VEL","3/16/2016 09:25:23","mm/s","Peak","8.361691","1"
"\Hierarchy\UP2 DUMAI\HOC\COOKER 140-3000\140 PM 25A\3P DE A-VEL","1/13/2016 09:08:25","mm/s","Peak","0.847690","1"
